Keyword,URL
google my business,https://www.google.com/business/
google my business,https://accounts.google.com/servicelogin?service=lbc
google my business,https://twitter.com/GoogleMyBiz?ref_src=twsrc%5Egoogle%7Ctwcamp%5Eserp%7Ctwgr%5Eauthor
google my business,https://blog.hootsuite.com/google-my-business/
google my business,https://play.google.com/store/apps/details?id=com.google.android.apps.vega&hl=en_US&gl=US
google my business,https://apps.apple.com/us/app/google-my-business/id853371601
google my business,https://www.wordstream.com/blog/ws/2020/06/08/what-is-google-my-business
google my business,https://www.wordstream.com/blog/ws/2020/06/10/create-google-my-business-account
google my business,https://www.searchenginejournal.com/local-seo/optimize-google-my-business/
google my business,https://support.google.com/google-ads/answer/2382892?hl=en
google my business login,https://www.google.com/business/
google my business login,https://accounts.google.com/servicelogin?service=lbc
google my business login,https://support.google.com/business/answer/6300717?hl=en
google my business login,https://support.google.com/business/answer/3038063?co=GENIE.Platform%3DAndroid&hl=en
google my business login,https://www.wordstream.com/blog/ws/2020/06/10/create-google-my-business-account
google my business login,https://i360marketing.com/login-to-google-my-business/
google my business login,https://blog.hootsuite.com/google-my-business/
google my business login,https://www.brightlocal.com/learn/how-to-set-up-google-my-business/
google my business login,https://www.reviewtrackers.com/guides/google-my-business/
google my business login,https://www.bealignedwebdesign.com/blog/how-to-create-a-google-my-business-account
my business google,https://www.google.com/business/
my business google,https://accounts.google.com/servicelogin?service=lbc
my business google,https://twitter.com/GoogleMyBiz?ref_src=twsrc%5Egoogle%7Ctwcamp%5Eserp%7Ctwgr%5Eauthor
my business google,https://www.wordstream.com/blog/ws/2020/06/10/create-google-my-business-account
my business google,https://www.wordstream.com/blog/ws/2020/06/08/what-is-google-my-business
my business google,https://blog.hootsuite.com/google-my-business/
my business google,https://apps.apple.com/us/app/google-my-business/id853371601
my business google,https://support.google.com/google-ads/answer/2382892?hl=en
my business google,https://www.searchenginejournal.com/local-seo/optimize-google-my-business/
my business google,https://www.reviewtrackers.com/guides/google-my-business/
my google business,https://www.google.com/business/
my google business,https://accounts.google.com/servicelogin?service=lbc
my google business,https://twitter.com/GoogleMyBiz?ref_src=twsrc%5Egoogle%7Ctwcamp%5Eserp%7Ctwgr%5Eauthor
my google business,https://www.wordstream.com/blog/ws/2020/06/10/create-google-my-business-account
my google business,https://www.wordstream.com/blog/ws/2020/06/08/what-is-google-my-business
my google business,https://blog.hootsuite.com/google-my-business/
my google business,https://www.reviewtrackers.com/guides/google-my-business/
my google business,https://apps.apple.com/us/app/google-my-business/id853371601
my google business,https://www.searchenginejournal.com/local-seo/optimize-google-my-business/
my google business,https://support.google.com/google-ads/answer/2382892?hl=en
